{
  "P": 373.027798647634,
  "mortgage": [
    260.330578512397,
    136.363636363637,
    -0.0
  ],
  "_objective": 373.027798647634
}