{
  "W": 200,
  "L": 4,
  "V": 2.54647908947033,
  "_objective": 2.54647908947033
}