{
  "x": [
    0.514285714285715,
    0.2,
    0.285714285714286
  ],
  "transitions": [
    [
      0.7,
      0.2,
      0.4
    ],
    [
      0.1,
      0.6,
      0.1
    ],
    [
      0.2,
      0.2,
      0.5
    ]
  ]
}