{
  "x": -10.8577035996264,
  "y": -0.779548045079157,
  "z": -0.779548045079157
}