{
  "weight1": 89.2800000000001,
  "weight2": 72.0,
  "reps1": 6,
  "reps2": 12,
  "oneRM": 103.68,
  "weight1Age": 135.169920000001,
  "weight2Age": 109.008,
  "oneRMAge": 156.97152
}