{
  "p": [
    0.101694915254238,
    0.52542372881356,
    0.372881355932204
  ],
  "mean_first_return_time": [
    0.0,
    0.0,
    0.0
  ],
  "tot_cost": 135.508474576272
}