{
  "x": -0.786151377757423,
  "y": 0.618033988749895
}