{
  "x": -20.8469081014822,
  "_objective": -20.8469081014822
}