{
  "UnitsProduced": [
    100,
    100
  ],
  "OvertimeAssembly": 48.33,
  "MaterialBought": 210,
  "DailyProfit": 1248.35000000001,
  "_objective": 1248.35000000001
}